dataset,variant,p,graph_seed,init_seed,auc
Chameleon,PI,0.0,0,0,0.9731199765319943
Chameleon,PI,0.0,0,1,0.9726661753188054
Chameleon,PI,0.0,0,2,0.9742287506568973
Chameleon,PI,0.0,0,3,0.9724220039294323
Chameleon,PI,0.0,0,4,0.9730858401460915
Chameleon,PI,0.0,0,5,0.9659181614081775
Chameleon,PI,0.0,0,6,0.9696473843019625
Chameleon,PI,0.0,0,7,0.9766202222734548
Chameleon,PI,0.0,0,8,0.9712023625215302
Chameleon,PI,0.0,0,9,0.9675449070740721
Chameleon,no-PI,0.0,0,0,0.9846192283677621
Chameleon,no-PI,0.0,0,1,0.985843681284063
Chameleon,no-PI,0.0,0,2,0.9824752708727287
Chameleon,no-PI,0.0,0,3,0.9831555675128574
Chameleon,no-PI,0.0,0,4,0.9910891877403982
Chameleon,no-PI,0.0,0,5,0.9819323301355205
Chameleon,no-PI,0.0,0,6,0.9767388386173487
Chameleon,no-PI,0.0,0,7,0.9868726856644602
Chameleon,no-PI,0.0,0,8,0.9858013906576106
Chameleon,no-PI,0.0,0,9,0.9854097845214078
Chameleon,GDC-PI,0.0,0,0,0.9806590530708363
Chameleon,GDC-PI,0.0,0,1,0.9822624502591327
Chameleon,GDC-PI,0.0,0,2,0.9799469498278188
Chameleon,GDC-PI,0.0,0,3,0.9804393444031115
Chameleon,GDC-PI,0.0,0,4,0.9804679095687632
Chameleon,GDC-PI,0.0,0,5,0.9813730809172132
Chameleon,GDC-PI,0.0,0,6,0.9798571012394041
Chameleon,GDC-PI,0.0,0,7,0.9835999989465327
Chameleon,GDC-PI,0.0,0,8,0.981299034335329
Chameleon,GDC-PI,0.0,0,9,0.9878825959536328
Chameleon,PI,0.0,1,1000,0.9759079164406101
Chameleon,PI,0.0,1,1001,0.9694676871251328
Chameleon,PI,0.0,1,1002,0.9689155791982386
Chameleon,PI,0.0,1,1003,0.9707269854917322
Chameleon,PI,0.0,1,1004,0.9699679827036909
Chameleon,PI,0.0,1,1005,0.969444794474646
Chameleon,PI,0.0,1,1006,0.969688763274192
Chameleon,PI,0.0,1,1007,0.9558526884277855
Chameleon,PI,0.0,1,1008,0.9696070689263265
Chameleon,PI,0.0,1,1009,0.9780929490231322
Chameleon,no-PI,0.0,1,1000,0.9875270508066925
Chameleon,no-PI,0.0,1,1001,0.9839781835066759
Chameleon,no-PI,0.0,1,1002,0.9854004653893512
Chameleon,no-PI,0.0,1,1003,0.9854007692740924
Chameleon,no-PI,0.0,1,1004,0.9795055065940963
Chameleon,no-PI,0.0,1,1005,0.9858062528134662
Chameleon,no-PI,0.0,1,1006,0.9806404654541799
Chameleon,no-PI,0.0,1,1007,0.9849678348131169
Chameleon,no-PI,0.0,1,1008,0.9889256296795719
Chameleon,no-PI,0.0,1,1009,0.9904921048718396
Chameleon,GDC-PI,0.0,1,1000,0.9807301621002245
Chameleon,GDC-PI,0.0,1,1001,0.982328190658097
Chameleon,GDC-PI,0.0,1,1002,0.9884707142223326
Chameleon,GDC-PI,0.0,1,1003,0.9819423583319725
Chameleon,GDC-PI,0.0,1,1004,0.9792534848489145
Chameleon,GDC-PI,0.0,1,1005,0.9840833276270532
Chameleon,GDC-PI,0.0,1,1006,0.9817670168364301
Chameleon,GDC-PI,0.0,1,1007,0.9810053803806339
Chameleon,GDC-PI,0.0,1,1008,0.9876966184921563
Chameleon,GDC-PI,0.0,1,1009,0.9819781154364939
Chameleon,PI,0.0,2,2000,0.9656006525013158
Chameleon,PI,0.0,2,2001,0.9739650799966451
Chameleon,PI,0.0,2,2002,0.9729302511587126
Chameleon,PI,0.0,2,2003,0.9695172203379117
Chameleon,PI,0.0,2,2004,0.9755627033748628
Chameleon,PI,0.0,2,2005,0.9725425448766857
Chameleon,PI,0.0,2,2006,0.9724615595932159
Chameleon,PI,0.0,2,2007,0.9762073442053839
Chameleon,PI,0.0,2,2008,0.9769017208385112
Chameleon,PI,0.0,2,2009,0.9652292040529311
Chameleon,no-PI,0.0,2,2000,0.9825773761456962
Chameleon,no-PI,0.0,2,2001,0.9822030914397287
Chameleon,no-PI,0.0,2,2002,0.9846256605947796
Chameleon,no-PI,0.0,2,2003,0.9910439595614497
Chameleon,no-PI,0.0,2,2004,0.9857189872453496
Chameleon,no-PI,0.0,2,2005,0.9834367115457159
Chameleon,no-PI,0.0,2,2006,0.9819479295522238
Chameleon,no-PI,0.0,2,2007,0.9834040439360611
Chameleon,no-PI,0.0,2,2008,0.9877437712744644
Chameleon,no-PI,0.0,2,2009,0.9846011978731309
Chameleon,GDC-PI,0.0,2,2000,0.9811509411715608
Chameleon,GDC-PI,0.0,2,2001,0.9822645268048626
Chameleon,GDC-PI,0.0,2,2002,0.9799234494078501
Chameleon,GDC-PI,0.0,2,2003,0.9845464479722986
Chameleon,GDC-PI,0.0,2,2004,0.9817958858868227
Chameleon,GDC-PI,0.0,2,2005,0.9836433025221217
Chameleon,GDC-PI,0.0,2,2006,0.9796938138385869
Chameleon,GDC-PI,0.0,2,2007,0.9829719198343949
Chameleon,GDC-PI,0.0,2,2008,0.9819156164747668
Chameleon,GDC-PI,0.0,2,2009,0.9804052080172088
Chameleon,PI,5.0,0,0,0.976608066883816
Chameleon,PI,5.0,0,1,0.9789972087173593
Chameleon,PI,5.0,0,2,0.9812853595219853
Chameleon,PI,5.0,0,3,0.9780792742097881
Chameleon,PI,5.0,0,4,0.9761682950161689
Chameleon,PI,5.0,0,5,0.9721124973207496
Chameleon,PI,5.0,0,6,0.9756013980318805
Chameleon,PI,5.0,0,7,0.9783020723723795
Chameleon,PI,5.0,0,8,0.9827288120416152
Chameleon,PI,5.0,0,9,0.97706865485622
Chameleon,no-PI,5.0,0,0,0.9909654053559078
Chameleon,no-PI,5.0,0,1,0.9801676207972235
Chameleon,no-PI,5.0,0,2,0.9844405947875257
Chameleon,no-PI,5.0,0,3,0.9831762316752436
Chameleon,no-PI,5.0,0,4,0.979879082235668
Chameleon,no-PI,5.0,0,5,0.9814779211528495
Chameleon,no-PI,5.0,0,6,0.9791602428808922
Chameleon,no-PI,5.0,0,7,0.9804301265659687
Chameleon,no-PI,5.0,0,8,0.9842912354373367
Chameleon,no-PI,5.0,0,9,0.9849052345564763
Chameleon,GDC-PI,5.0,0,0,0.9815006112135092
Chameleon,GDC-PI,5.0,0,1,0.9817335895149231
Chameleon,GDC-PI,5.0,0,2,0.9799787564307078
Chameleon,GDC-PI,5.0,0,3,0.9809913003876354
Chameleon,GDC-PI,5.0,0,4,0.9792333271610966
Chameleon,GDC-PI,5.0,0,5,0.9806190415799413
Chameleon,GDC-PI,5.0,0,6,0.9812770533390652
Chameleon,GDC-PI,5.0,0,7,0.9809937314655632
Chameleon,GDC-PI,5.0,0,8,0.9817774502125369
Chameleon,GDC-PI,5.0,0,9,0.9870333900449791
Chameleon,PI,5.0,1,1000,0.9798850586355736
Chameleon,PI,5.0,1,1001,0.9795309316174244
Chameleon,PI,5.0,1,1002,0.9754854660031983
Chameleon,PI,5.0,1,1003,0.9778230993731466
Chameleon,PI,5.0,1,1004,0.982190024395867
Chameleon,PI,5.0,1,1005,0.9800544237312102
Chameleon,PI,5.0,1,1006,0.9757462497584115
Chameleon,PI,5.0,1,1007,0.9730209101064369
Chameleon,PI,5.0,1,1008,0.9766252870191378
Chameleon,PI,5.0,1,1009,0.9906161404936142
Chameleon,no-PI,5.0,1,1000,0.9860427764368582
Chameleon,no-PI,5.0,1,1001,0.9818544343469172
Chameleon,no-PI,5.0,1,1002,0.9811904461878875
Chameleon,no-PI,5.0,1,1003,0.9833589676994832
Chameleon,no-PI,5.0,1,1004,0.9795113816990884
Chameleon,no-PI,5.0,1,1005,0.9866367698105502
Chameleon,no-PI,5.0,1,1006,0.9787512140195402
Chameleon,no-PI,5.0,1,1007,0.9855690201256787
Chameleon,no-PI,5.0,1,1008,0.9850918197874345
Chameleon,no-PI,5.0,1,1009,0.9905286216882134
Chameleon,GDC-PI,5.0,1,1000,0.9877855554263483
Chameleon,GDC-PI,5.0,1,1001,0.9800464720804881
Chameleon,GDC-PI,5.0,1,1002,0.9792351504695425
Chameleon,GDC-PI,5.0,1,1003,0.9819055882783148
Chameleon,GDC-PI,5.0,1,1004,0.9802605588805048
Chameleon,GDC-PI,5.0,1,1005,0.9839180143279629
Chameleon,GDC-PI,5.0,1,1006,0.9776269924203043
Chameleon,GDC-PI,5.0,1,1007,0.9776425918370076
Chameleon,GDC-PI,5.0,1,1008,0.9795430870070636
Chameleon,GDC-PI,5.0,1,1009,0.9823978815586937
Chameleon,PI,5.0,2,2000,0.9761777660905958
Chameleon,PI,5.0,2,2001,0.9786108192692099
Chameleon,PI,5.0,2,2002,0.9795886697182096
Chameleon,PI,5.0,2,2003,0.9792030399819127
Chameleon,PI,5.0,2,2004,0.9918641951247973
Chameleon,PI,5.0,2,2005,0.9751261222969958
Chameleon,PI,5.0,2,2006,0.9796753781643012
Chameleon,PI,5.0,2,2007,0.9802108230778986
Chameleon,PI,5.0,2,2008,0.9817964936563047
Chameleon,PI,5.0,2,2009,0.9790774342889765
Chameleon,no-PI,5.0,2,2000,0.9778524748981074
Chameleon,no-PI,5.0,2,2001,0.9838792183760319
Chameleon,no-PI,5.0,2,2002,0.981349985676899
Chameleon,no-PI,5.0,2,2003,0.9843880227273372
Chameleon,no-PI,5.0,2,2004,0.9849056903835877
Chameleon,no-PI,5.0,2,2005,0.977699114398829
Chameleon,no-PI,5.0,2,2006,0.9819834840669178
Chameleon,no-PI,5.0,2,2007,0.9826735050187577
Chameleon,no-PI,5.0,2,2008,0.9918578135452367
Chameleon,no-PI,5.0,2,2009,0.9815579441346396
Chameleon,GDC-PI,5.0,2,2000,0.9833959403429684
Chameleon,GDC-PI,5.0,2,2001,0.9826715804153983
Chameleon,GDC-PI,5.0,2,2002,0.9814651579937286
Chameleon,GDC-PI,5.0,2,2003,0.9828701184461685
Chameleon,GDC-PI,5.0,2,2004,0.990091888667976
Chameleon,GDC-PI,5.0,2,2005,0.980387380112405
Chameleon,GDC-PI,5.0,2,2006,0.9828025547387583
Chameleon,GDC-PI,5.0,2,2007,0.9821474805321306
Chameleon,GDC-PI,5.0,2,2008,0.9834561601691383
Chameleon,GDC-PI,5.0,2,2009,0.9818451152148606
Chameleon,PI,10.0,0,0,0.9751081930972783
Chameleon,PI,10.0,0,1,0.9795704366337513
Chameleon,PI,10.0,0,2,0.9827301288754927
Chameleon,PI,10.0,0,3,0.9796352653784925
Chameleon,PI,10.0,0,4,0.9777110671986405
Chameleon,PI,10.0,0,5,0.9753057688263689
Chameleon,PI,10.0,0,6,0.980637882433882
Chameleon,PI,10.0,0,7,0.9806974438431129
Chameleon,PI,10.0,0,8,0.9881637399864912
Chameleon,PI,10.0,0,9,0.9903096220848843
Chameleon,no-PI,10.0,0,0,0.9817210795930862
Chameleon,no-PI,10.0,0,1,0.9892561549828387
Chameleon,no-PI,10.0,0,2,0.9836076467125142
Chameleon,no-PI,10.0,0,3,0.9893223005614575
Chameleon,no-PI,10.0,0,4,0.9895085312602182
Chameleon,no-PI,10.0,0,5,0.9892174603258211
Chameleon,no-PI,10.0,0,6,0.980661585443678
Chameleon,no-PI,10.0,0,7,0.9808909171282
Chameleon,no-PI,10.0,0,8,0.9829686277497012
Chameleon,no-PI,10.0,0,9,0.9915422798891914
Chameleon,GDC-PI,10.0,0,0,0.9782795342540906
Chameleon,GDC-PI,10.0,0,1,0.9784960014845782
Chameleon,GDC-PI,10.0,0,2,0.9790178728797454
Chameleon,GDC-PI,10.0,0,3,0.9805553270792504
Chameleon,GDC-PI,10.0,0,4,0.9789352162302003
Chameleon,GDC-PI,10.0,0,5,0.9773530909737724
Chameleon,GDC-PI,10.0,0,6,0.9791975700565753
Chameleon,GDC-PI,10.0,0,7,0.9792242106188674
Chameleon,GDC-PI,10.0,0,8,0.9818949523123804
Chameleon,GDC-PI,10.0,0,9,0.9826977145031222
Chameleon,PI,10.0,1,1000,0.9815146912065075
Chameleon,PI,10.0,1,1001,0.9810004169298647
Chameleon,PI,10.0,1,1002,0.9741079058249031
Chameleon,PI,10.0,1,1003,0.9818423802521918
Chameleon,PI,10.0,1,1004,0.9796594748628568
Chameleon,PI,10.0,1,1005,0.9819890552871691
Chameleon,PI,10.0,1,1006,0.9781934335774811
Chameleon,PI,10.0,1,1007,0.9764517688320414
Chameleon,PI,10.0,1,1008,0.9781631463982972
Chameleon,PI,10.0,1,1009,0.9810386051123137
Chameleon,no-PI,10.0,1,1000,0.9899389839958088
Chameleon,no-PI,10.0,1,1001,0.9838415366681509
Chameleon,no-PI,10.0,1,1002,0.9815541962228342
Chameleon,no-PI,10.0,1,1003,0.9827063752182401
Chameleon,no-PI,10.0,1,1004,0.9805079210596583
Chameleon,no-PI,10.0,1,1005,0.9851242848072621
Chameleon,no-PI,10.0,1,1006,0.9718080048102928
Chameleon,no-PI,10.0,1,1007,0.979414594409088
Chameleon,no-PI,10.0,1,1008,0.9817282208844991
Chameleon,no-PI,10.0,1,1009,0.9913245971197399
Chameleon,GDC-PI,10.0,1,1000,0.9803478750960782
Chameleon,GDC-PI,10.0,1,1001,0.9789118171051453
Chameleon,GDC-PI,10.0,1,1002,0.9767620351525764
Chameleon,GDC-PI,10.0,1,1003,0.9813752081104
Chameleon,GDC-PI,10.0,1,1004,0.9777656651571024
Chameleon,GDC-PI,10.0,1,1005,0.9813628501309337
Chameleon,GDC-PI,10.0,1,1006,0.9815034474710915
Chameleon,GDC-PI,10.0,1,1007,0.9746451740469466
Chameleon,GDC-PI,10.0,1,1008,0.9798573038292313
Chameleon,GDC-PI,10.0,1,1009,0.9810077101636481
Chameleon,PI,10.0,2,2000,0.990166289782058
Chameleon,PI,10.0,2,2001,0.9838738497456078
Chameleon,PI,10.0,2,2002,0.9800018516710217
Chameleon,PI,10.0,2,2003,0.982970754942888
Chameleon,PI,10.0,2,2004,0.9915095616320798
Chameleon,PI,10.0,2,2005,0.9797152883602827
Chameleon,PI,10.0,2,2006,0.9812643914748581
Chameleon,PI,10.0,2,2007,0.9783731307543108
Chameleon,PI,10.0,2,2008,0.9822770367266994
Chameleon,PI,10.0,2,2009,0.977860021369175
Chameleon,no-PI,10.0,2,2000,0.9824521756324145
Chameleon,no-PI,10.0,2,2001,0.9852487256086914
Chameleon,no-PI,10.0,2,2002,0.9842184550418733
Chameleon,no-PI,10.0,2,2003,0.983869088884666
Chameleon,no-PI,10.0,2,2004,0.9917072893035408
Chameleon,no-PI,10.0,2,2005,0.9835576070251669
Chameleon,no-PI,10.0,2,2006,0.9841481563717944
Chameleon,no-PI,10.0,2,2007,0.9852751635811561
Chameleon,no-PI,10.0,2,2008,0.9910339820124543
Chameleon,no-PI,10.0,2,2009,0.9821005809871067
Chameleon,GDC-PI,10.0,2,2000,0.9801912731595627
Chameleon,GDC-PI,10.0,2,2001,0.9827483619599512
Chameleon,GDC-PI,10.0,2,2002,0.9779842595807768
Chameleon,GDC-PI,10.0,2,2003,0.9885594485666972
Chameleon,GDC-PI,10.0,2,2004,0.9827329144856184
Chameleon,GDC-PI,10.0,2,2005,0.9801619989295153
Chameleon,GDC-PI,10.0,2,2006,0.9815866105952049
Chameleon,GDC-PI,10.0,2,2007,0.9828732585884918
Chameleon,GDC-PI,10.0,2,2008,0.9832170535254481
Chameleon,GDC-PI,10.0,2,2009,0.9820772831569653
Chameleon,PI,20.0,0,0,0.9821922528839675
Chameleon,PI,20.0,0,1,0.9794351066291037
Chameleon,PI,20.0,0,2,0.9821363380916281
Chameleon,PI,20.0,0,3,0.9895215476566231
Chameleon,PI,20.0,0,4,0.9810829722844959
Chameleon,PI,20.0,0,5,0.9782639348373873
Chameleon,PI,20.0,0,6,0.9810284249734911
Chameleon,PI,20.0,0,7,0.9814711343936346
Chameleon,PI,20.0,0,8,0.9817467578536986
Chameleon,PI,20.0,0,9,0.9915220715539166
Chameleon,no-PI,20.0,0,0,0.9805651526858751
Chameleon,no-PI,20.0,0,1,0.9896638670103131
Chameleon,no-PI,20.0,0,2,0.9808097799023598
Chameleon,no-PI,20.0,0,3,0.982294965926417
Chameleon,no-PI,20.0,0,4,0.9834615794470188
Chameleon,no-PI,20.0,0,5,0.9808836238944166
Chameleon,no-PI,20.0,0,6,0.9770775688086217
Chameleon,no-PI,20.0,0,7,0.9892610171386942
Chameleon,no-PI,20.0,0,8,0.9897426744531392
Chameleon,no-PI,20.0,0,9,0.987427022079455
Chameleon,GDC-PI,20.0,0,0,0.9878839127875104
Chameleon,GDC-PI,20.0,0,1,0.9793136540276275
Chameleon,GDC-PI,20.0,0,2,0.9829771871699053
Chameleon,GDC-PI,20.0,0,3,0.9888900751648779
Chameleon,GDC-PI,20.0,0,4,0.9772732705818096
Chameleon,GDC-PI,20.0,0,5,0.9766203235683685
Chameleon,GDC-PI,20.0,0,6,0.9774533222908371
Chameleon,GDC-PI,20.0,0,7,0.9815732396666019
Chameleon,GDC-PI,20.0,0,8,0.979670414713532
Chameleon,GDC-PI,20.0,0,9,0.991247815575187
Chameleon,PI,20.0,1,1000,0.9807065603853421
Chameleon,PI,20.0,1,1001,0.9904569048893435
Chameleon,PI,20.0,1,1002,0.9786005378354737
Chameleon,PI,20.0,1,1003,0.9806057719462521
Chameleon,PI,20.0,1,1004,0.9833881406346168
Chameleon,PI,20.0,1,1005,0.9821410989525701
Chameleon,PI,20.0,1,1006,0.9768509720867684
Chameleon,PI,20.0,1,1007,0.9747981293665705
Chameleon,PI,20.0,1,1008,0.9894518567560263
Chameleon,PI,20.0,1,1009,0.9908231872971316
Chameleon,no-PI,20.0,1,1000,0.9880122534431154
Chameleon,no-PI,20.0,1,1001,0.9814218037706829
Chameleon,no-PI,20.0,1,1002,0.9826479280530592
Chameleon,no-PI,20.0,1,1003,0.9862298174949281
Chameleon,no-PI,20.0,1,1004,0.9805294462288106
Chameleon,no-PI,20.0,1,1005,0.9811514476461292
Chameleon,no-PI,20.0,1,1006,0.9805494519742581
Chameleon,no-PI,20.0,1,1007,0.9892657779996361
Chameleon,no-PI,20.0,1,1008,0.985964576763514
Chameleon,no-PI,20.0,1,1009,0.9816032736085016
Chameleon,GDC-PI,20.0,1,1000,0.9776369699692996
Chameleon,GDC-PI,20.0,1,1001,0.9895979240215216
Chameleon,GDC-PI,20.0,1,1002,0.9773897597325166
Chameleon,GDC-PI,20.0,1,1003,0.9800840018459984
Chameleon,GDC-PI,20.0,1,1004,0.9743337428349041
Chameleon,GDC-PI,20.0,1,1005,0.9806631048673827
Chameleon,GDC-PI,20.0,1,1006,0.9778808374739317
Chameleon,GDC-PI,20.0,1,1007,0.975549383093717
Chameleon,GDC-PI,20.0,1,1008,0.9844453556484678
Chameleon,GDC-PI,20.0,1,1009,0.9889580946993992
Chameleon,PI,20.0,2,2000,0.9774347346741807
Chameleon,PI,20.0,2,2001,0.9821840479959612
Chameleon,PI,20.0,2,2002,0.9805887544007575
Chameleon,PI,20.0,2,2003,0.9835345117848527
Chameleon,PI,20.0,2,2004,0.9908383815341805
Chameleon,PI,20.0,2,2005,0.9798553792258718
Chameleon,PI,20.0,2,2006,0.978928784003183
Chameleon,PI,20.0,2,2007,0.9780044172685948
Chameleon,PI,20.0,2,2008,0.9914976088322682
Chameleon,PI,20.0,2,2009,0.9788190309642344
Chameleon,no-PI,20.0,2,2000,0.9811357975819689
Chameleon,no-PI,20.0,2,2001,0.9810825671048414
Chameleon,no-PI,20.0,2,2002,0.9817560769857552
Chameleon,no-PI,20.0,2,2003,0.9804230359220125
Chameleon,no-PI,20.0,2,2004,0.9892727673486785
Chameleon,no-PI,20.0,2,2005,0.9802662313956698
Chameleon,no-PI,20.0,2,2006,0.9791447954065592
Chameleon,no-PI,20.0,2,2007,0.9822681227742975
Chameleon,no-PI,20.0,2,2008,0.990107285494852
Chameleon,no-PI,20.0,2,2009,0.9805514778725313
Chameleon,GDC-PI,20.0,2,2000,0.9793022077023843
Chameleon,GDC-PI,20.0,2,2001,0.9808868653316537
Chameleon,GDC-PI,20.0,2,2002,0.9789679344873119
Chameleon,GDC-PI,20.0,2,2003,0.9818249575270427
Chameleon,GDC-PI,20.0,2,2004,0.9872338526791087
Chameleon,GDC-PI,20.0,2,2005,0.9761718909856039
Chameleon,GDC-PI,20.0,2,2006,0.9781763147370729
Chameleon,GDC-PI,20.0,2,2007,0.9773157131506325
Chameleon,GDC-PI,20.0,2,2008,0.9809488578188125
Chameleon,GDC-PI,20.0,2,2009,0.9782900689251112
Texas,PI,0.0,0,0,0.6456599286563615
Texas,PI,0.0,0,1,0.6611177170035671
Texas,PI,0.0,0,2,0.6278240190249702
Texas,PI,0.0,0,3,0.6373365041617122
Texas,PI,0.0,0,4,0.46611177170035667
Texas,PI,0.0,0,5,0.617717003567182
Texas,PI,0.0,0,6,0.5802615933412605
Texas,PI,0.0,0,7,0.5975029726516052
Texas,PI,0.0,0,8,0.5992865636147443
Texas,PI,0.0,0,9,0.5862068965517242
Texas,no-PI,0.0,0,0,0.5642092746730083
Texas,no-PI,0.0,0,1,0.6706302021403092
Texas,no-PI,0.0,0,2,0.6611177170035673
Texas,no-PI,0.0,0,3,0.6183115338882282
Texas,no-PI,0.0,0,4,0.4958382877526754
Texas,no-PI,0.0,0,5,0.6617122473246135
Texas,no-PI,0.0,0,6,0.5261593341260404
Texas,no-PI,0.0,0,7,0.5160523186682521
Texas,no-PI,0.0,0,8,0.609988109393579
Texas,no-PI,0.0,0,9,0.6397146254458977
Texas,GDC-PI,0.0,0,0,0.5933412604042806
Texas,GDC-PI,0.0,0,1,0.7395957193816884
Texas,GDC-PI,0.0,0,2,0.5862068965517242
Texas,GDC-PI,0.0,0,3,0.6801426872770511
Texas,GDC-PI,0.0,0,4,0.5992865636147443
Texas,GDC-PI,0.0,0,5,0.7455410225921523
Texas,GDC-PI,0.0,0,6,0.609988109393579
Texas,GDC-PI,0.0,0,7,0.6028537455410226
Texas,GDC-PI,0.0,0,8,0.5511296076099881
Texas,GDC-PI,0.0,0,9,0.6230677764565993
Texas,PI,0.0,1,1000,0.7003567181926278
Texas,PI,0.0,1,1001,0.4530321046373365
Texas,PI,0.0,1,1002,0.6587395957193817
Texas,PI,0.0,1,1003,0.5124851367419738
Texas,PI,0.0,1,1004,0.5980975029726516
Texas,PI,0.0,1,1005,0.5612366230677764
Texas,PI,0.0,1,1006,0.5184304399524375
Texas,PI,0.0,1,1007,0.5612366230677764
Texas,PI,0.0,1,1008,0.629013079667063
Texas,PI,0.0,1,1009,0.558858501783591
Texas,no-PI,0.0,1,1000,0.5350772889417361
Texas,no-PI,0.0,1,1001,0.5225921521997623
Texas,no-PI,0.0,1,1002,0.6420927467300832
Texas,no-PI,0.0,1,1003,0.6147443519619501
Texas,no-PI,0.0,1,1004,0.6409036860879904
Texas,no-PI,0.0,1,1005,0.5457788347205708
Texas,no-PI,0.0,1,1006,0.5422116527942925
Texas,no-PI,0.0,1,1007,0.4720570749108205
Texas,no-PI,0.0,1,1008,0.558858501783591
Texas,no-PI,0.0,1,1009,0.5909631391200951
Texas,GDC-PI,0.0,1,1000,0.6539833531510107
Texas,GDC-PI,0.0,1,1001,0.6718192627824019
Texas,GDC-PI,0.0,1,1002,0.5101070154577884
Texas,GDC-PI,0.0,1,1003,0.6599286563614745
Texas,GDC-PI,0.0,1,1004,0.6944114149821641
Texas,GDC-PI,0.0,1,1005,0.6230677764565993
Texas,GDC-PI,0.0,1,1006,0.5208085612366231
Texas,GDC-PI,0.0,1,1007,0.6468489892984541
Texas,GDC-PI,0.0,1,1008,0.6486325802615933
Texas,GDC-PI,0.0,1,1009,0.6141498216409037
Texas,PI,0.0,2,2000,0.7348394768133175
Texas,PI,0.0,2,2001,0.5802615933412605
Texas,PI,0.0,2,2002,0.5743162901307967
Texas,PI,0.0,2,2003,0.5612366230677766
Texas,PI,0.0,2,2004,0.6831153388822829
Texas,PI,0.0,2,2005,0.5921521997621878
Texas,PI,0.0,2,2006,0.535077288941736
Texas,PI,0.0,2,2007,0.5802615933412604
Texas,PI,0.0,2,2008,0.5790725326991676
Texas,PI,0.0,2,2009,0.5005945303210464
Texas,no-PI,0.0,2,2000,0.702140309155767
Texas,no-PI,0.0,2,2001,0.6218787158145065
Texas,no-PI,0.0,2,2002,0.6195005945303211
Texas,no-PI,0.0,2,2003,0.5208085612366231
Texas,no-PI,0.0,2,2004,0.619500594530321
Texas,no-PI,0.0,2,2005,0.6391200951248514
Texas,no-PI,0.0,2,2006,0.5600475624256838
Texas,no-PI,0.0,2,2007,0.5659928656361475
Texas,no-PI,0.0,2,2008,0.6741973840665874
Texas,no-PI,0.0,2,2009,0.5778834720570749
Texas,GDC-PI,0.0,2,2000,0.7544589774078478
Texas,GDC-PI,0.0,2,2001,0.6016646848989298
Texas,GDC-PI,0.0,2,2002,0.6248513674197385
Texas,GDC-PI,0.0,2,2003,0.6944114149821641
Texas,GDC-PI,0.0,2,2004,0.6052318668252081
Texas,GDC-PI,0.0,2,2005,0.6991676575505351
Texas,GDC-PI,0.0,2,2006,0.5980975029726515
Texas,GDC-PI,0.0,2,2007,0.5041617122473245
Texas,GDC-PI,0.0,2,2008,0.6373365041617123
Texas,GDC-PI,0.0,2,2009,0.6492271105826397
Texas,PI,5.0,0,0,0.5850178359096313
Texas,PI,5.0,0,1,0.6016646848989298
Texas,PI,5.0,0,2,0.46373365041617126
Texas,PI,5.0,0,3,0.633769322235434
Texas,PI,5.0,0,4,0.43281807372175984
Texas,PI,5.0,0,5,0.6932223543400714
Texas,PI,5.0,0,6,0.6492271105826397
Texas,PI,5.0,0,7,0.5303210463733651
Texas,PI,5.0,0,8,0.5648038049940547
Texas,PI,5.0,0,9,0.617717003567182
Texas,no-PI,5.0,0,0,0.5445897740784779
Texas,no-PI,5.0,0,1,0.5731272294887039
Texas,no-PI,5.0,0,2,0.55410225921522
Texas,no-PI,5.0,0,3,0.5992865636147443
Texas,no-PI,5.0,0,4,0.4589774078478003
Texas,no-PI,5.0,0,5,0.6325802615933414
Texas,no-PI,5.0,0,6,0.4839476813317479
Texas,no-PI,5.0,0,7,0.5671819262782403
Texas,no-PI,5.0,0,8,0.5445897740784781
Texas,no-PI,5.0,0,9,0.5380499405469679
Texas,GDC-PI,5.0,0,0,0.6266349583828775
Texas,GDC-PI,5.0,0,1,0.6302021403091558
Texas,GDC-PI,5.0,0,2,0.6218787158145065
Texas,GDC-PI,5.0,0,3,0.703923900118906
Texas,GDC-PI,5.0,0,4,0.4922711058263971
Texas,GDC-PI,5.0,0,5,0.6694411414982164
Texas,GDC-PI,5.0,0,6,0.5612366230677764
Texas,GDC-PI,5.0,0,7,0.6634958382877527
Texas,GDC-PI,5.0,0,8,0.5124851367419738
Texas,GDC-PI,5.0,0,9,0.49583828775267536
Texas,PI,5.0,1,1000,0.48513674197384066
Texas,PI,5.0,1,1001,0.5731272294887039
Texas,PI,5.0,1,1002,0.6171224732461356
Texas,PI,5.0,1,1003,0.5326991676575505
Texas,PI,5.0,1,1004,0.49227110582639716
Texas,PI,5.0,1,1005,0.5136741973840666
Texas,PI,5.0,1,1006,0.6706302021403092
Texas,PI,5.0,1,1007,0.5790725326991676
Texas,PI,5.0,1,1008,0.6409036860879905
Texas,PI,5.0,1,1009,0.5457788347205708
Texas,no-PI,5.0,1,1000,0.5303210463733651
Texas,no-PI,5.0,1,1001,0.5570749108204518
Texas,no-PI,5.0,1,1002,0.5659928656361475
Texas,no-PI,5.0,1,1003,0.5576694411414982
Texas,no-PI,5.0,1,1004,0.582639714625446
Texas,no-PI,5.0,1,1005,0.6652794292508918
Texas,no-PI,5.0,1,1006,0.7098692033293698
Texas,no-PI,5.0,1,1007,0.5600475624256838
Texas,no-PI,5.0,1,1008,0.6016646848989299
Texas,no-PI,5.0,1,1009,0.6539833531510107
Texas,GDC-PI,5.0,1,1000,0.5790725326991677
Texas,GDC-PI,5.0,1,1001,0.6801426872770511
Texas,GDC-PI,5.0,1,1002,0.6468489892984542
Texas,GDC-PI,5.0,1,1003,0.6884661117717004
Texas,GDC-PI,5.0,1,1004,0.6872770511296076
Texas,GDC-PI,5.0,1,1005,0.6551724137931034
Texas,GDC-PI,5.0,1,1006,0.6884661117717004
Texas,GDC-PI,5.0,1,1007,0.6848989298454221
Texas,GDC-PI,5.0,1,1008,0.5743162901307967
Texas,GDC-PI,5.0,1,1009,0.6801426872770511
Texas,PI,5.0,2,2000,0.5998810939357908
Texas,PI,5.0,2,2001,0.5648038049940547
Texas,PI,5.0,2,2002,0.5184304399524376
Texas,PI,5.0,2,2003,0.5671819262782402
Texas,PI,5.0,2,2004,0.558858501783591
Texas,PI,5.0,2,2005,0.5814506539833532
Texas,PI,5.0,2,2006,0.5089179548156956
Texas,PI,5.0,2,2007,0.5677764565992864
Texas,PI,5.0,2,2008,0.5398335315101069
Texas,PI,5.0,2,2009,0.5338882282996433
Texas,no-PI,5.0,2,2000,0.6397146254458977
Texas,no-PI,5.0,2,2001,0.5814506539833533
Texas,no-PI,5.0,2,2002,0.5814506539833532
Texas,no-PI,5.0,2,2003,0.5505350772889418
Texas,no-PI,5.0,2,2004,0.703923900118906
Texas,no-PI,5.0,2,2005,0.6064209274673008
Texas,no-PI,5.0,2,2006,0.4399524375743163
Texas,no-PI,5.0,2,2007,0.4863258026159334
Texas,no-PI,5.0,2,2008,0.6444708680142688
Texas,no-PI,5.0,2,2009,0.5219976218787159
Texas,GDC-PI,5.0,2,2000,0.5112960760998811
Texas,GDC-PI,5.0,2,2001,0.5873959571938169
Texas,GDC-PI,5.0,2,2002,0.5386444708680141
Texas,GDC-PI,5.0,2,2003,0.579667063020214
Texas,GDC-PI,5.0,2,2004,0.6848989298454221
Texas,GDC-PI,5.0,2,2005,0.633769322235434
Texas,GDC-PI,5.0,2,2006,0.5980975029726516
Texas,GDC-PI,5.0,2,2007,0.6254458977407847
Texas,GDC-PI,5.0,2,2008,0.7443519619500595
Texas,GDC-PI,5.0,2,2009,0.6658739595719382
Texas,PI,10.0,0,0,0.5975029726516052
Texas,PI,10.0,0,1,0.605231866825208
Texas,PI,10.0,0,2,0.5778834720570749
Texas,PI,10.0,0,3,0.46848989298454224
Texas,PI,10.0,0,4,0.4922711058263971
Texas,PI,10.0,0,5,0.4090368608799048
Texas,PI,10.0,0,6,0.5921521997621878
Texas,PI,10.0,0,7,0.6076099881093936
Texas,PI,10.0,0,8,0.6218787158145065
Texas,PI,10.0,0,9,0.633769322235434
Texas,no-PI,10.0,0,0,0.5517241379310345
Texas,no-PI,10.0,0,1,0.5945303210463734
Texas,no-PI,10.0,0,2,0.6254458977407847
Texas,no-PI,10.0,0,3,0.479191438763377
Texas,no-PI,10.0,0,4,0.5208085612366231
Texas,no-PI,10.0,0,5,0.39357907253269914
Texas,no-PI,10.0,0,6,0.5541022592152199
Texas,no-PI,10.0,0,7,0.6266349583828775
Texas,no-PI,10.0,0,8,0.579667063020214
Texas,no-PI,10.0,0,9,0.6694411414982164
Texas,GDC-PI,10.0,0,0,0.7443519619500594
Texas,GDC-PI,10.0,0,1,0.6825208085612366
Texas,GDC-PI,10.0,0,2,0.6872770511296076
Texas,GDC-PI,10.0,0,3,0.6623067776456599
Texas,GDC-PI,10.0,0,4,0.6028537455410226
Texas,GDC-PI,10.0,0,5,0.5945303210463733
Texas,GDC-PI,10.0,0,6,0.6111771700356717
Texas,GDC-PI,10.0,0,7,0.4696789536266349
Texas,GDC-PI,10.0,0,8,0.6706302021403091
Texas,GDC-PI,10.0,0,9,0.6557669441141498
Texas,PI,10.0,1,1000,0.6004756242568372
Texas,PI,10.0,1,1001,0.6670630202140309
Texas,PI,10.0,1,1002,0.633769322235434
Texas,PI,10.0,1,1003,0.6040428061831153
Texas,PI,10.0,1,1004,0.4922711058263971
Texas,PI,10.0,1,1005,0.5862068965517242
Texas,PI,10.0,1,1006,0.5303210463733651
Texas,PI,10.0,1,1007,0.5469678953626634
Texas,PI,10.0,1,1008,0.5517241379310345
Texas,PI,10.0,1,1009,0.6016646848989299
Texas,no-PI,10.0,1,1000,0.6028537455410226
Texas,no-PI,10.0,1,1001,0.5481569560047562
Texas,no-PI,10.0,1,1002,0.629013079667063
Texas,no-PI,10.0,1,1003,0.5778834720570749
Texas,no-PI,10.0,1,1004,0.558858501783591
Texas,no-PI,10.0,1,1005,0.40428061831153383
Texas,no-PI,10.0,1,1006,0.5291319857312724
Texas,no-PI,10.0,1,1007,0.4756242568370987
Texas,no-PI,10.0,1,1008,0.5695600475624256
Texas,no-PI,10.0,1,1009,0.5915576694411415
Texas,GDC-PI,10.0,1,1000,0.6361474435196195
Texas,GDC-PI,10.0,1,1001,0.6331747919143876
Texas,GDC-PI,10.0,1,1002,0.5743162901307967
Texas,GDC-PI,10.0,1,1003,0.6206896551724138
Texas,GDC-PI,10.0,1,1004,0.6825208085612366
Texas,GDC-PI,10.0,1,1005,0.6004756242568371
Texas,GDC-PI,10.0,1,1006,0.5196195005945303
Texas,GDC-PI,10.0,1,1007,0.4768133174791914
Texas,GDC-PI,10.0,1,1008,0.464922711058264
Texas,GDC-PI,10.0,1,1009,0.5505350772889417
Texas,PI,10.0,2,2000,0.6064209274673008
Texas,PI,10.0,2,2001,0.6004756242568371
Texas,PI,10.0,2,2002,0.6373365041617123
Texas,PI,10.0,2,2003,0.5671819262782403
Texas,PI,10.0,2,2004,0.5683709869203329
Texas,PI,10.0,2,2005,0.6159334126040428
Texas,PI,10.0,2,2006,0.5112960760998811
Texas,PI,10.0,2,2007,0.5231866825208085
Texas,PI,10.0,2,2008,0.5885850178359096
Texas,PI,10.0,2,2009,0.46730083234244946
Texas,no-PI,10.0,2,2000,0.6040428061831153
Texas,no-PI,10.0,2,2001,0.5743162901307967
Texas,no-PI,10.0,2,2002,0.6706302021403091
Texas,no-PI,10.0,2,2003,0.5624256837098692
Texas,no-PI,10.0,2,2004,0.5659928656361474
Texas,no-PI,10.0,2,2005,0.6718192627824019
Texas,no-PI,10.0,2,2006,0.5077288941736029
Texas,no-PI,10.0,2,2007,0.595719381688466
Texas,no-PI,10.0,2,2008,0.5933412604042806
Texas,no-PI,10.0,2,2009,0.41141498216409034
Texas,GDC-PI,10.0,2,2000,0.5326991676575505
Texas,GDC-PI,10.0,2,2001,0.6016646848989299
Texas,GDC-PI,10.0,2,2002,0.6753864447086801
Texas,GDC-PI,10.0,2,2003,0.652794292508918
Texas,GDC-PI,10.0,2,2004,0.6040428061831153
Texas,GDC-PI,10.0,2,2005,0.6967895362663497
Texas,GDC-PI,10.0,2,2006,0.5362663495838288
Texas,GDC-PI,10.0,2,2007,0.5630202140309156
Texas,GDC-PI,10.0,2,2008,0.4994054696789536
Texas,GDC-PI,10.0,2,2009,0.6932223543400713
Texas,PI,20.0,0,0,0.5957193816884662
Texas,PI,20.0,0,1,0.78359096313912
Texas,PI,20.0,0,2,0.549346016646849
Texas,PI,20.0,0,3,0.5683709869203329
Texas,PI,20.0,0,4,0.6492271105826397
Texas,PI,20.0,0,5,0.7360285374554103
Texas,PI,20.0,0,6,0.5576694411414983
Texas,PI,20.0,0,7,0.6991676575505351
Texas,PI,20.0,0,8,0.5
Texas,PI,20.0,0,9,0.5897740784780023
Texas,no-PI,20.0,0,0,0.61474435196195
Texas,no-PI,20.0,0,1,0.7586206896551724
Texas,no-PI,20.0,0,2,0.6076099881093936
Texas,no-PI,20.0,0,3,0.624256837098692
Texas,no-PI,20.0,0,4,0.5356718192627824
Texas,no-PI,20.0,0,5,0.6884661117717004
Texas,no-PI,20.0,0,6,0.5921521997621878
Texas,no-PI,20.0,0,7,0.7395957193816886
Texas,no-PI,20.0,0,8,0.5404280618311533
Texas,no-PI,20.0,0,9,0.5719381688466112
Texas,GDC-PI,20.0,0,0,0.605231866825208
Texas,GDC-PI,20.0,0,1,0.7288941736028538
Texas,GDC-PI,20.0,0,2,0.5410225921521997
Texas,GDC-PI,20.0,0,3,0.732461355529132
Texas,GDC-PI,20.0,0,4,0.6563614744351962
Texas,GDC-PI,20.0,0,5,0.8014268727705113
Texas,GDC-PI,20.0,0,6,0.5814506539833532
Texas,GDC-PI,20.0,0,7,0.7110582639714625
Texas,GDC-PI,20.0,0,8,0.6212841854934602
Texas,GDC-PI,20.0,0,9,0.664090368608799
Texas,PI,20.0,1,1000,0.6373365041617123
Texas,PI,20.0,1,1001,0.6242568370986921
Texas,PI,20.0,1,1002,0.5434007134363852
Texas,PI,20.0,1,1003,0.5707491082045184
Texas,PI,20.0,1,1004,0.4887039239001189
Texas,PI,20.0,1,1005,0.4934601664684899
Texas,PI,20.0,1,1006,0.6801426872770512
Texas,PI,20.0,1,1007,0.4637336504161712
Texas,PI,20.0,1,1008,0.539833531510107
Texas,PI,20.0,1,1009,0.5374554102259215
Texas,no-PI,20.0,1,1000,0.6242568370986921
Texas,no-PI,20.0,1,1001,0.6587395957193817
Texas,no-PI,20.0,1,1002,0.5422116527942925
Texas,no-PI,20.0,1,1003,0.5457788347205708
Texas,no-PI,20.0,1,1004,0.5350772889417359
Texas,no-PI,20.0,1,1005,0.49940546967895366
Texas,no-PI,20.0,1,1006,0.4768133174791914
Texas,no-PI,20.0,1,1007,0.4518430439952437
Texas,no-PI,20.0,1,1008,0.5529131985731273
Texas,no-PI,20.0,1,1009,0.4898929845422117
Texas,GDC-PI,20.0,1,1000,0.7360285374554102
Texas,GDC-PI,20.0,1,1001,0.6730083234244947
Texas,GDC-PI,20.0,1,1002,0.5731272294887039
Texas,GDC-PI,20.0,1,1003,0.6159334126040428
Texas,GDC-PI,20.0,1,1004,0.6741973840665874
Texas,GDC-PI,20.0,1,1005,0.6099881093935791
Texas,GDC-PI,20.0,1,1006,0.6313912009512485
Texas,GDC-PI,20.0,1,1007,0.7847800237812127
Texas,GDC-PI,20.0,1,1008,0.6753864447086801
Texas,GDC-PI,20.0,1,1009,0.5725326991676575
Texas,PI,20.0,2,2000,0.5279429250891796
Texas,PI,20.0,2,2001,0.6183115338882282
Texas,PI,20.0,2,2002,0.61474435196195
Texas,PI,20.0,2,2003,0.6087990487514864
Texas,PI,20.0,2,2004,0.5600475624256837
Texas,PI,20.0,2,2005,0.4922711058263971
Texas,PI,20.0,2,2006,0.5148632580261593
Texas,PI,20.0,2,2007,0.6028537455410227
Texas,PI,20.0,2,2008,0.6254458977407849
Texas,PI,20.0,2,2009,0.6563614744351962
Texas,no-PI,20.0,2,2000,0.6028537455410226
Texas,no-PI,20.0,2,2001,0.5529131985731273
Texas,no-PI,20.0,2,2002,0.6896551724137931
Texas,no-PI,20.0,2,2003,0.6111771700356718
Texas,no-PI,20.0,2,2004,0.6807372175980977
Texas,no-PI,20.0,2,2005,0.5885850178359096
Texas,no-PI,20.0,2,2006,0.5790725326991676
Texas,no-PI,20.0,2,2007,0.6099881093935792
Texas,no-PI,20.0,2,2008,0.6135552913198574
Texas,no-PI,20.0,2,2009,0.4482758620689655
Texas,GDC-PI,20.0,2,2000,0.7110582639714624
Texas,GDC-PI,20.0,2,2001,0.7538644470868014
Texas,GDC-PI,20.0,2,2002,0.7419738406658739
Texas,GDC-PI,20.0,2,2003,0.7788347205707491
Texas,GDC-PI,20.0,2,2004,0.7788347205707491
Texas,GDC-PI,20.0,2,2005,0.7348394768133174
Texas,GDC-PI,20.0,2,2006,0.8430439952437574
Texas,GDC-PI,20.0,2,2007,0.6480380499405469
Texas,GDC-PI,20.0,2,2008,0.6242568370986921
Texas,GDC-PI,20.0,2,2009,0.6599286563614744
Cornell,PI,0.0,0,0,0.6403061224489796
Cornell,PI,0.0,0,1,0.6900510204081632
Cornell,PI,0.0,0,2,0.5714285714285715
Cornell,PI,0.0,0,3,0.653061224489796
Cornell,PI,0.0,0,4,0.5854591836734694
Cornell,PI,0.0,0,5,0.42474489795918363
Cornell,PI,0.0,0,6,0.5612244897959183
Cornell,PI,0.0,0,7,0.6281887755102041
Cornell,PI,0.0,0,8,0.5695153061224489
Cornell,PI,0.0,0,9,0.6052295918367347
Cornell,no-PI,0.0,0,0,0.5471938775510203
Cornell,no-PI,0.0,0,1,0.6466836734693877
Cornell,no-PI,0.0,0,2,0.5854591836734694
Cornell,no-PI,0.0,0,3,0.7040816326530612
Cornell,no-PI,0.0,0,4,0.5841836734693878
Cornell,no-PI,0.0,0,5,0.4764030612244898
Cornell,no-PI,0.0,0,6,0.5401785714285714
Cornell,no-PI,0.0,0,7,0.5676020408163265
Cornell,no-PI,0.0,0,8,0.6058673469387755
Cornell,no-PI,0.0,0,9,0.6275510204081634
Cornell,GDC-PI,0.0,0,0,0.6045918367346939
Cornell,GDC-PI,0.0,0,1,0.7053571428571428
Cornell,GDC-PI,0.0,0,2,0.6505102040816326
Cornell,GDC-PI,0.0,0,3,0.6798469387755102
Cornell,GDC-PI,0.0,0,4,0.6862244897959183
Cornell,GDC-PI,0.0,0,5,0.6836734693877551
Cornell,GDC-PI,0.0,0,6,0.6262755102040817
Cornell,GDC-PI,0.0,0,7,0.7321428571428572
Cornell,GDC-PI,0.0,0,8,0.6033163265306123
Cornell,GDC-PI,0.0,0,9,0.6645408163265306
Cornell,PI,0.0,1,1000,0.5739795918367347
Cornell,PI,0.0,1,1001,0.5720663265306122
Cornell,PI,0.0,1,1002,0.5599489795918368
Cornell,PI,0.0,1,1003,0.6326530612244898
Cornell,PI,0.0,1,1004,0.5867346938775511
Cornell,PI,0.0,1,1005,0.5369897959183674
Cornell,PI,0.0,1,1006,0.7589285714285715
Cornell,PI,0.0,1,1007,0.5369897959183674
Cornell,PI,0.0,1,1008,0.5880102040816326
Cornell,PI,0.0,1,1009,0.5650510204081632
Cornell,no-PI,0.0,1,1000,0.6989795918367347
Cornell,no-PI,0.0,1,1001,0.6147959183673469
Cornell,no-PI,0.0,1,1002,0.5344387755102041
Cornell,no-PI,0.0,1,1003,0.6581632653061225
Cornell,no-PI,0.0,1,1004,0.5491071428571429
Cornell,no-PI,0.0,1,1005,0.5701530612244898
Cornell,no-PI,0.0,1,1006,0.7244897959183674
Cornell,no-PI,0.0,1,1007,0.5892857142857143
Cornell,no-PI,0.0,1,1008,0.5612244897959184
Cornell,no-PI,0.0,1,1009,0.6096938775510204
Cornell,GDC-PI,0.0,1,1000,0.7168367346938774
Cornell,GDC-PI,0.0,1,1001,0.7602040816326531
Cornell,GDC-PI,0.0,1,1002,0.6415816326530611
Cornell,GDC-PI,0.0,1,1003,0.721938775510204
Cornell,GDC-PI,0.0,1,1004,0.6683673469387755
Cornell,GDC-PI,0.0,1,1005,0.8201530612244898
Cornell,GDC-PI,0.0,1,1006,0.7244897959183673
Cornell,GDC-PI,0.0,1,1007,0.6211734693877551
Cornell,GDC-PI,0.0,1,1008,0.5918367346938775
Cornell,GDC-PI,0.0,1,1009,0.6403061224489796
Cornell,PI,0.0,2,2000,0.6301020408163265
Cornell,PI,0.0,2,2001,0.6466836734693877
Cornell,PI,0.0,2,2002,0.8163265306122449
Cornell,PI,0.0,2,2003,0.5318877551020408
Cornell,PI,0.0,2,2004,0.610969387755102
Cornell,PI,0.0,2,2005,0.6594387755102041
Cornell,PI,0.0,2,2006,0.6045918367346937
Cornell,PI,0.0,2,2007,0.6326530612244898
Cornell,PI,0.0,2,2008,0.5051020408163265
Cornell,PI,0.0,2,2009,0.5153061224489797
Cornell,no-PI,0.0,2,2000,0.6301020408163266
Cornell,no-PI,0.0,2,2001,0.5612244897959184
Cornell,no-PI,0.0,2,2002,0.8367346938775511
Cornell,no-PI,0.0,2,2003,0.5586734693877552
Cornell,no-PI,0.0,2,2004,0.5752551020408163
Cornell,no-PI,0.0,2,2005,0.5714285714285714
Cornell,no-PI,0.0,2,2006,0.6301020408163266
Cornell,no-PI,0.0,2,2007,0.576530612244898
Cornell,no-PI,0.0,2,2008,0.6543367346938775
Cornell,no-PI,0.0,2,2009,0.639030612244898
Cornell,GDC-PI,0.0,2,2000,0.6332908163265306
Cornell,GDC-PI,0.0,2,2001,0.7806122448979592
Cornell,GDC-PI,0.0,2,2002,0.6900510204081632
Cornell,GDC-PI,0.0,2,2003,0.7206632653061225
Cornell,GDC-PI,0.0,2,2004,0.7551020408163266
Cornell,GDC-PI,0.0,2,2005,0.6989795918367347
Cornell,GDC-PI,0.0,2,2006,0.7155612244897959
Cornell,GDC-PI,0.0,2,2007,0.6645408163265306
Cornell,GDC-PI,0.0,2,2008,0.6798469387755102
Cornell,GDC-PI,0.0,2,2009,0.7984693877551021
Cornell,PI,5.0,0,0,0.5
Cornell,PI,5.0,0,1,0.6454081632653061
Cornell,PI,5.0,0,2,0.6454081632653061
Cornell,PI,5.0,0,3,0.6084183673469388
Cornell,PI,5.0,0,4,0.6543367346938775
Cornell,PI,5.0,0,5,0.43941326530612246
Cornell,PI,5.0,0,6,0.5153061224489796
Cornell,PI,5.0,0,7,0.47576530612244894
Cornell,PI,5.0,0,8,0.5650510204081634
Cornell,PI,5.0,0,9,0.673469387755102
Cornell,no-PI,5.0,0,0,0.6313775510204083
Cornell,no-PI,5.0,0,1,0.5765306122448979
Cornell,no-PI,5.0,0,2,0.6836734693877551
Cornell,no-PI,5.0,0,3,0.6262755102040816
Cornell,no-PI,5.0,0,4,0.6403061224489797
Cornell,no-PI,5.0,0,5,0.4489795918367347
Cornell,no-PI,5.0,0,6,0.6301020408163265
Cornell,no-PI,5.0,0,7,0.5612244897959183
Cornell,no-PI,5.0,0,8,0.5688775510204082
Cornell,no-PI,5.0,0,9,0.6785714285714286
Cornell,GDC-PI,5.0,0,0,0.5727040816326531
Cornell,GDC-PI,5.0,0,1,0.7130102040816326
Cornell,GDC-PI,5.0,0,2,0.7742346938775511
Cornell,GDC-PI,5.0,0,3,0.7321428571428571
Cornell,GDC-PI,5.0,0,4,0.7066326530612245
Cornell,GDC-PI,5.0,0,5,0.5969387755102041
Cornell,GDC-PI,5.0,0,6,0.667091836734694
Cornell,GDC-PI,5.0,0,7,0.6262755102040816
Cornell,GDC-PI,5.0,0,8,0.5943877551020408
Cornell,GDC-PI,5.0,0,9,0.6779336734693878
Cornell,PI,5.0,1,1000,0.6135204081632654
Cornell,PI,5.0,1,1001,0.6926020408163266
Cornell,PI,5.0,1,1002,0.6447704081632654
Cornell,PI,5.0,1,1003,0.6568877551020409
Cornell,PI,5.0,1,1004,0.6160714285714286
Cornell,PI,5.0,1,1005,0.6045918367346939
Cornell,PI,5.0,1,1006,0.625
Cornell,PI,5.0,1,1007,0.5695153061224489
Cornell,PI,5.0,1,1008,0.6173469387755102
Cornell,PI,5.0,1,1009,0.5573979591836735
Cornell,no-PI,5.0,1,1000,0.6147959183673469
Cornell,no-PI,5.0,1,1001,0.7576530612244898
Cornell,no-PI,5.0,1,1002,0.49107142857142855
Cornell,no-PI,5.0,1,1003,0.5841836734693878
Cornell,no-PI,5.0,1,1004,0.673469387755102
Cornell,no-PI,5.0,1,1005,0.6364795918367347
Cornell,no-PI,5.0,1,1006,0.65625
Cornell,no-PI,5.0,1,1007,0.5656887755102041
Cornell,no-PI,5.0,1,1008,0.5790816326530612
Cornell,no-PI,5.0,1,1009,0.5829081632653061
Cornell,GDC-PI,5.0,1,1000,0.7646683673469389
Cornell,GDC-PI,5.0,1,1001,0.7997448979591836
Cornell,GDC-PI,5.0,1,1002,0.7308673469387755
Cornell,GDC-PI,5.0,1,1003,0.7295918367346939
Cornell,GDC-PI,5.0,1,1004,0.5790816326530612
Cornell,GDC-PI,5.0,1,1005,0.7053571428571429
Cornell,GDC-PI,5.0,1,1006,0.590561224489796
Cornell,GDC-PI,5.0,1,1007,0.6951530612244897
Cornell,GDC-PI,5.0,1,1008,0.653061224489796
Cornell,GDC-PI,5.0,1,1009,0.5867346938775511
Cornell,PI,5.0,2,2000,0.5497448979591837
Cornell,PI,5.0,2,2001,0.6709183673469388
Cornell,PI,5.0,2,2002,0.6007653061224489
Cornell,PI,5.0,2,2003,0.49489795918367346
Cornell,PI,5.0,2,2004,0.7091836734693877
Cornell,PI,5.0,2,2005,0.6709183673469388
Cornell,PI,5.0,2,2006,0.5714285714285715
Cornell,PI,5.0,2,2007,0.5956632653061225
Cornell,PI,5.0,2,2008,0.5267857142857143
Cornell,PI,5.0,2,2009,0.6352040816326531
Cornell,no-PI,5.0,2,2000,0.5165816326530612
Cornell,no-PI,5.0,2,2001,0.6543367346938775
Cornell,no-PI,5.0,2,2002,0.6020408163265306
Cornell,no-PI,5.0,2,2003,0.6071428571428572
Cornell,no-PI,5.0,2,2004,0.6798469387755103
Cornell,no-PI,5.0,2,2005,0.6434948979591836
Cornell,no-PI,5.0,2,2006,0.5701530612244898
Cornell,no-PI,5.0,2,2007,0.6530612244897959
Cornell,no-PI,5.0,2,2008,0.5841836734693877
Cornell,no-PI,5.0,2,2009,0.6709183673469388
Cornell,GDC-PI,5.0,2,2000,0.6007653061224489
Cornell,GDC-PI,5.0,2,2001,0.7181122448979592
Cornell,GDC-PI,5.0,2,2002,0.6001275510204083
Cornell,GDC-PI,5.0,2,2003,0.663265306122449
Cornell,GDC-PI,5.0,2,2004,0.7130102040816326
Cornell,GDC-PI,5.0,2,2005,0.6721938775510204
Cornell,GDC-PI,5.0,2,2006,0.6033163265306122
Cornell,GDC-PI,5.0,2,2007,0.6709183673469388
Cornell,GDC-PI,5.0,2,2008,0.5433673469387755
Cornell,GDC-PI,5.0,2,2009,0.7538265306122449
Cornell,PI,10.0,0,0,0.6122448979591836
Cornell,PI,10.0,0,1,0.5535714285714286
Cornell,PI,10.0,0,2,0.6288265306122449
Cornell,PI,10.0,0,3,0.7283163265306123
Cornell,PI,10.0,0,4,0.6887755102040816
Cornell,PI,10.0,0,5,0.4011479591836734
Cornell,PI,10.0,0,6,0.701530612244898
Cornell,PI,10.0,0,7,0.639030612244898
Cornell,PI,10.0,0,8,0.6122448979591837
Cornell,PI,10.0,0,9,0.5369897959183673
Cornell,no-PI,10.0,0,0,0.7385204081632653
Cornell,no-PI,10.0,0,1,0.6045918367346939
Cornell,no-PI,10.0,0,2,0.5727040816326531
Cornell,no-PI,10.0,0,3,0.639030612244898
Cornell,no-PI,10.0,0,4,0.5841836734693877
Cornell,no-PI,10.0,0,5,0.4426020408163265
Cornell,no-PI,10.0,0,6,0.6428571428571429
Cornell,no-PI,10.0,0,7,0.6301020408163265
Cornell,no-PI,10.0,0,8,0.6581632653061223
Cornell,no-PI,10.0,0,9,0.5714285714285714
Cornell,GDC-PI,10.0,0,0,0.7206632653061225
Cornell,GDC-PI,10.0,0,1,0.7780612244897959
Cornell,GDC-PI,10.0,0,2,0.6887755102040817
Cornell,GDC-PI,10.0,0,3,0.7653061224489796
Cornell,GDC-PI,10.0,0,4,0.8214285714285714
Cornell,GDC-PI,10.0,0,5,0.7385204081632653
Cornell,GDC-PI,10.0,0,6,0.8112244897959183
Cornell,GDC-PI,10.0,0,7,0.7678571428571428
Cornell,GDC-PI,10.0,0,8,0.6364795918367346
Cornell,GDC-PI,10.0,0,9,0.6186224489795918
Cornell,PI,10.0,1,1000,0.6415816326530612
Cornell,PI,10.0,1,1001,0.6339285714285714
Cornell,PI,10.0,1,1002,0.6198979591836734
Cornell,PI,10.0,1,1003,0.5318877551020408
Cornell,PI,10.0,1,1004,0.6033163265306123
Cornell,PI,10.0,1,1005,0.6020408163265306
Cornell,PI,10.0,1,1006,0.6964285714285713
Cornell,PI,10.0,1,1007,0.5522959183673469
Cornell,PI,10.0,1,1008,0.5790816326530612
Cornell,PI,10.0,1,1009,0.5535714285714286
Cornell,no-PI,10.0,1,1000,0.6862244897959184
Cornell,no-PI,10.0,1,1001,0.7423469387755102
Cornell,no-PI,10.0,1,1002,0.6301020408163265
Cornell,no-PI,10.0,1,1003,0.6211734693877552
Cornell,no-PI,10.0,1,1004,0.5076530612244898
Cornell,no-PI,10.0,1,1005,0.5663265306122449
Cornell,no-PI,10.0,1,1006,0.596938775510204
Cornell,no-PI,10.0,1,1007,0.5459183673469388
Cornell,no-PI,10.0,1,1008,0.6033163265306122
Cornell,no-PI,10.0,1,1009,0.6556122448979591
Cornell,GDC-PI,10.0,1,1000,0.5816326530612245
Cornell,GDC-PI,10.0,1,1001,0.6862244897959183
Cornell,GDC-PI,10.0,1,1002,0.6326530612244897
Cornell,GDC-PI,10.0,1,1003,0.7831632653061225
Cornell,GDC-PI,10.0,1,1004,0.6530612244897959
Cornell,GDC-PI,10.0,1,1005,0.774234693877551
Cornell,GDC-PI,10.0,1,1006,0.7716836734693878
Cornell,GDC-PI,10.0,1,1007,0.7627551020408163
Cornell,GDC-PI,10.0,1,1008,0.7614795918367347
Cornell,GDC-PI,10.0,1,1009,0.7512755102040815
Cornell,PI,10.0,2,2000,0.6288265306122449
Cornell,PI,10.0,2,2001,0.5982142857142857
Cornell,PI,10.0,2,2002,0.5943877551020408
Cornell,PI,10.0,2,2003,0.5701530612244898
Cornell,PI,10.0,2,2004,0.6224489795918368
Cornell,PI,10.0,2,2005,0.6441326530612245
Cornell,PI,10.0,2,2006,0.7168367346938775
Cornell,PI,10.0,2,2007,0.6390306122448979
Cornell,PI,10.0,2,2008,0.5471938775510204
Cornell,PI,10.0,2,2009,0.6709183673469387
Cornell,no-PI,10.0,2,2000,0.6454081632653061
Cornell,no-PI,10.0,2,2001,0.6122448979591836
Cornell,no-PI,10.0,2,2002,0.6371173469387755
Cornell,no-PI,10.0,2,2003,0.5841836734693877
Cornell,no-PI,10.0,2,2004,0.610969387755102
Cornell,no-PI,10.0,2,2005,0.7002551020408163
Cornell,no-PI,10.0,2,2006,0.5880102040816326
Cornell,no-PI,10.0,2,2007,0.6556122448979592
Cornell,no-PI,10.0,2,2008,0.5038265306122449
Cornell,no-PI,10.0,2,2009,0.6466836734693877
Cornell,GDC-PI,10.0,2,2000,0.7589285714285714
Cornell,GDC-PI,10.0,2,2001,0.8035714285714285
Cornell,GDC-PI,10.0,2,2002,0.7576530612244898
Cornell,GDC-PI,10.0,2,2003,0.7295918367346937
Cornell,GDC-PI,10.0,2,2004,0.7448979591836735
Cornell,GDC-PI,10.0,2,2005,0.7448979591836734
Cornell,GDC-PI,10.0,2,2006,0.7155612244897959
Cornell,GDC-PI,10.0,2,2007,0.7079081632653061
Cornell,GDC-PI,10.0,2,2008,0.4872448979591837
Cornell,GDC-PI,10.0,2,2009,0.7551020408163266
Cornell,PI,20.0,0,0,0.6696428571428571
Cornell,PI,20.0,0,1,0.6951530612244897
Cornell,PI,20.0,0,2,0.6020408163265306
Cornell,PI,20.0,0,3,0.6275510204081634
Cornell,PI,20.0,0,4,0.5969387755102041
Cornell,PI,20.0,0,5,0.6167091836734695
Cornell,PI,20.0,0,6,0.6811224489795918
Cornell,PI,20.0,0,7,0.6632653061224489
Cornell,PI,20.0,0,8,0.5714285714285714
Cornell,PI,20.0,0,9,0.5816326530612245
Cornell,no-PI,20.0,0,0,0.6147959183673469
Cornell,no-PI,20.0,0,1,0.6836734693877551
Cornell,no-PI,20.0,0,2,0.7021683673469388
Cornell,no-PI,20.0,0,3,0.5038265306122449
Cornell,no-PI,20.0,0,4,0.6492346938775511
Cornell,no-PI,20.0,0,5,0.6517857142857143
Cornell,no-PI,20.0,0,6,0.7028061224489796
Cornell,no-PI,20.0,0,7,0.6301020408163266
Cornell,no-PI,20.0,0,8,0.5969387755102041
Cornell,no-PI,20.0,0,9,0.5063775510204082
Cornell,GDC-PI,20.0,0,0,0.6798469387755102
Cornell,GDC-PI,20.0,0,1,0.7538265306122449
Cornell,GDC-PI,20.0,0,2,0.7028061224489796
Cornell,GDC-PI,20.0,0,3,0.6849489795918368
Cornell,GDC-PI,20.0,0,4,0.7028061224489796
Cornell,GDC-PI,20.0,0,5,0.673469387755102
Cornell,GDC-PI,20.0,0,6,0.7181122448979592
Cornell,GDC-PI,20.0,0,7,0.6479591836734694
Cornell,GDC-PI,20.0,0,8,0.5950255102040816
Cornell,GDC-PI,20.0,0,9,0.7538265306122448
Cornell,PI,20.0,1,1000,0.5892857142857143
Cornell,PI,20.0,1,1001,0.7219387755102041
Cornell,PI,20.0,1,1002,0.5854591836734694
Cornell,PI,20.0,1,1003,0.5688775510204082
Cornell,PI,20.0,1,1004,0.6364795918367346
Cornell,PI,20.0,1,1005,0.6760204081632653
Cornell,PI,20.0,1,1006,0.6071428571428571
Cornell,PI,20.0,1,1007,0.5663265306122449
Cornell,PI,20.0,1,1008,0.6058673469387756
Cornell,PI,20.0,1,1009,0.5599489795918368
Cornell,no-PI,20.0,1,1000,0.5510204081632654
Cornell,no-PI,20.0,1,1001,0.6033163265306124
Cornell,no-PI,20.0,1,1002,0.600765306122449
Cornell,no-PI,20.0,1,1003,0.639030612244898
Cornell,no-PI,20.0,1,1004,0.5943877551020409
Cornell,no-PI,20.0,1,1005,0.596938775510204
Cornell,no-PI,20.0,1,1006,0.5548469387755102
Cornell,no-PI,20.0,1,1007,0.7130102040816326
Cornell,no-PI,20.0,1,1008,0.5727040816326531
Cornell,no-PI,20.0,1,1009,0.5943877551020408
Cornell,GDC-PI,20.0,1,1000,0.6377551020408163
Cornell,GDC-PI,20.0,1,1001,0.7997448979591837
Cornell,GDC-PI,20.0,1,1002,0.6568877551020408
Cornell,GDC-PI,20.0,1,1003,0.7244897959183674
Cornell,GDC-PI,20.0,1,1004,0.6709183673469388
Cornell,GDC-PI,20.0,1,1005,0.715561224489796
Cornell,GDC-PI,20.0,1,1006,0.7040816326530612
Cornell,GDC-PI,20.0,1,1007,0.7755102040816327
Cornell,GDC-PI,20.0,1,1008,0.7857142857142857
Cornell,GDC-PI,20.0,1,1009,0.7665816326530612
Cornell,PI,20.0,2,2000,0.649234693877551
Cornell,PI,20.0,2,2001,0.6313775510204082
Cornell,PI,20.0,2,2002,0.5829081632653061
Cornell,PI,20.0,2,2003,0.5331632653061226
Cornell,PI,20.0,2,2004,0.5599489795918368
Cornell,PI,20.0,2,2005,0.4910714285714286
Cornell,PI,20.0,2,2006,0.47066326530612246
Cornell,PI,20.0,2,2007,0.5382653061224489
Cornell,PI,20.0,2,2008,0.659438775510204
Cornell,PI,20.0,2,2009,0.7079081632653061
Cornell,no-PI,20.0,2,2000,0.6428571428571429
Cornell,no-PI,20.0,2,2001,0.7257653061224489
Cornell,no-PI,20.0,2,2002,0.6198979591836735
Cornell,no-PI,20.0,2,2003,0.5306122448979591
Cornell,no-PI,20.0,2,2004,0.5242346938775511
Cornell,no-PI,20.0,2,2005,0.5510204081632653
Cornell,no-PI,20.0,2,2006,0.4719387755102041
Cornell,no-PI,20.0,2,2007,0.5765306122448979
Cornell,no-PI,20.0,2,2008,0.7142857142857144
Cornell,no-PI,20.0,2,2009,0.590561224489796
Cornell,GDC-PI,20.0,2,2000,0.6670918367346939
Cornell,GDC-PI,20.0,2,2001,0.7181122448979591
Cornell,GDC-PI,20.0,2,2002,0.7857142857142858
Cornell,GDC-PI,20.0,2,2003,0.7410714285714286
Cornell,GDC-PI,20.0,2,2004,0.7372448979591837
Cornell,GDC-PI,20.0,2,2005,0.7091836734693877
Cornell,GDC-PI,20.0,2,2006,0.6823979591836735
Cornell,GDC-PI,20.0,2,2007,0.7576530612244898
Cornell,GDC-PI,20.0,2,2008,0.7423469387755103
Cornell,GDC-PI,20.0,2,2009,0.5612244897959183
